<?xml version="1.0" encoding="UTF-8"?>
<beans xmlns="http://www.springframework.org/schema/beans"
	xmlns:xsi="http://www.w3.org/2001/XMLSchema-instance"
	xsi:schemaLocation="http://www.springframework.org/schema/beans http://www.springframework.org/schema/beans/spring-beans.xsd">

<bean id="helloObj1" class="com.cg.ioc.Hello">
<property name="greeting" ref="str"></property>
<property name="number" value="50"></property>
<!--<constructor-arg value="Hello Spring"></constructor-arg>  -->
</bean>

<bean id="helloObj2" class="com.cg.ioc.Hello">
<property name="greeting" ref="str"></property>
<property name="number" value="50"></property>
<!--<constructor-arg value="Hello Spring"></constructor-arg>  -->
</bean>


<bean id="str" class="java.lang.String">
    <constructor-arg value="Hello Spring from String class"></constructor-arg>
</bean>

<bean class="com.cg.ioc.Client" scope="prototype" factory-method="getClient"></bean> <!-- we have not given id, so we can fetch by class name -->
<!-- factory-method checks whether the user defined method getClient() is singleton or prototype and accordingly decides whether objs are same or diff -->

</beans>
