<?xml version="1.0" encoding="UTF-8"?>
<beans xmlns="http://www.springframework.org/schema/beans"
	xmlns:xsi="http://www.w3.org/2001/XMLSchema-instance"
	xmlns:context="http://www.springframework.org/schema/context"
	xsi:schemaLocation="http://www.springframework.org/schema/beans http://www.springframework.org/schema/beans/spring-beans-4.3.xsd
		http://www.springframework.org/schema/context http://www.springframework.org/schema/context/spring-context-4.3.xsd">

<bean id="sms" class="com.cg.ioc.TextSender"></bean>
<bean id="mail" class="com.cg.ioc.EmailSender"></bean>
<bean id="whatsapp" class="com.cg.ioc.WhatsappSender" lazy-init="true"></bean>

<bean id="producer" class="com.cg.ioc.Producer"></bean>
</beans>
